                                      React Native Training Plan 2024,,,,
Context ,Context Detail, Instructor,Dates,Session Duration
,,,,
Typescript,"1. Syntax and features of TypeScript, including types, interfaces, and generics.
2. Variables, functions, and classes in TypeScript.
3. Type inference, type annotations, and type guards.
4. Applying TypeScript in object-oriented and functional programming paradigms.
5. Implementing common design patterns in TypeScript.
6. Understanding TypeScript-specific best practices and coding conventions.
7. Organizing TypeScript code in a project.
8. Configuring TypeScript builds and bundling.
9. Integrating TypeScript into your development workflow.",,21 June-28 June,
React Native Setup (Development Environment Setup:),"1. Installing Node.js and npm (Node Package Manager),yarn
2. Setting up a code editor or integrated development environment (IDE) like Visual Studio Code.
3. Installing and configuring the React Native CLI (Command Line Interface).
4. Using the React Native CLI to create a new project.
5. Understanding the project structure and key files.
6. Exploring the default project template and entry point.
7. Running the app on an Android emulator or iOS simulator.
8. Running the app on a physical Android or iOS device.
9. Debugging and troubleshooting common issues.",,21 - 25 June,
React Native Components,"1. Exploring the available React Native components (e.g., View, Text, Image, Button).
2. Understanding the usage of key components like FlatList, ScrollView, and TouchableOpacity.
3. Working with platform-specific components.",,1 July,
Styling in React Native:,"1. Applying styles using inline styles and external stylesheets.
2. Understanding the different styling properties and flexbox layout in React Native.
3. Using third-party libraries or custom components for enhanced styling options.",,3 July,
Test of components,,,4 July,
Navigation in React Native:,"1. Navigating between screens using React Navigation or other navigation libraries.
2. Implementing different navigation patterns like stack navigation, tab navigation, and drawer navigation.
3. Passing data between screens and handling navigation events.",,5 July,
Test on navigation,,,8 July,
Handling User Input and Forms:,"1. Capturing user input using text inputs, buttons, checkboxes, and other form elements.
2. Validating and handling form submissions.
3. Working with form libraries or custom form handling approaches.",,9 July,
Introduction to React Hooks and State Management:,"1. Understanding the motivation behind React Hooks and how they simplify state management in functional components.
useState Hook:
Using the useState Hook to manage local component state.
useEffect Hook:
2. Utilizing the useEffect Hook to add side effects to functional components.
useContext Hook:
Using the useContext Hook to access and consume context values in functional components.
3. Custom Hooks:
Creating custom Hooks to encapsulate reusable logic.
4. Migrating Class Components to Functional Components:
5. Refactoring existing class components to functional components using Hooks.
6. Learning best practices for using React Hooks effectively.
7. Advanced Hooks:
Exploring other built-in React Hooks, such as useRef, useCallback, and useMemo.",,11 July,
Test till last session,,,12 July,
Working with APIs and Data:,"1. Fetching data from RESTful APIs using the Fetch API or libraries like Axios.
2. Handling API responses and error handling.
3. Storing and managing data using state, AsyncStorage, or other storage solutions.",,15 July,
Test of api calling and till now,,,16 July,
"Redux Basics:
","1. Understanding the core principles of Redux, including the store, actions, reducers, and the single source of truth.
2. Learning about immutable data and how it relates to Redux.
3. Exploring the Redux flow and how data flows through the Redux architecture.",,16-18 July,
Redux Setup and Integration:,"q. Installing the required Redux packages in your React Native project (redux, react-redux, and redux-thunk for asynchronous actions).
2. Setting up the Redux store with the necessary reducers and middleware.
3. Integrating Redux with your React Native components using the connect function from react-redux. (dispatch and selectors for functional components)",,17-19 July,
Project Structure,"1. Structuring your React Native project for Redux integration.
2. Separating components, actions, reducers, and other Redux-related files into their respective directories.
3. Considering modularization and scalability in your project structure.",,22 July,
Animations and Interaction manager,,,,